0:0:0,1622221201.169822,"[32.26, 32.29, 32.3, 32.3, 32.31, 32.31, 32.31, 32.32, 32.33, 32.33]","[32.25, 32.25, 32.24, 32.24, 32.24, 32.24, 32.23, 32.23, 32.23, 32.23]",32.306,32.26,32.238,32.25,35819.46000000
0:5:0,1622221501.4423823,"[32.3, 32.3, 32.31, 32.31, 32.32, 32.32, 32.33, 32.33, 32.34, 32.34]","[32.26, 32.26, 32.26, 32.26, 32.26, 32.25, 32.25, 32.25, 32.25, 32.25]",32.32,32.3,32.254999999999995,32.26,35953.06000000
0:15:0,1622222101.0969346,"[32.29, 32.3, 32.3, 32.3, 32.3, 32.3, 32.3, 32.31, 32.31, 32.31]","[32.26, 32.26, 32.26, 32.26, 32.26, 32.25, 32.25, 32.25, 32.25, 32.25]",32.302,32.29,32.254999999999995,32.26,35894.65000000
0:20:0,1622222401.3470461,"[32.29, 32.29, 32.3, 32.3, 32.3, 32.3, 32.3, 32.3, 32.3, 32.31]","[32.27, 32.27, 32.26, 32.26, 32.26, 32.26, 32.26, 32.25, 32.25, 32.25]",32.299,32.29,32.259,32.27,35939.91000000
0:25:0,1622222701.3316102,"[32.3, 32.3, 32.3, 32.3, 32.3, 32.3, 32.31, 32.31, 32.32, 32.32]","[32.27, 32.27, 32.26, 32.26, 32.26, 32.26, 32.26, 32.25, 32.25, 32.25]",32.306,32.3,32.259,32.27,36102.42000000
0:30:0,1622223001.5180979,"[32.29, 32.3, 32.3, 32.3, 32.3, 32.31, 32.31, 32.31, 32.31, 32.31]","[32.26, 32.26, 32.26, 32.26, 32.26, 32.26, 32.26, 32.25, 32.25, 32.25]",32.304,32.29,32.257,32.26,36056.53000000
0:35:0,1622223301.3661556,"[32.29, 32.29, 32.3, 32.3, 32.3, 32.3, 32.3, 32.3, 32.31, 32.31]","[32.27, 32.27, 32.26, 32.26, 32.26, 32.26, 32.26, 32.26, 32.25, 32.25]",32.3,32.29,32.26,32.27,36140.26000000
0:40:0,1622223601.4104133,"[32.3, 32.3, 32.3, 32.3, 32.3, 32.31, 32.31, 32.31, 32.31, 32.31]","[32.27, 32.26, 32.26, 32.26, 32.26, 32.26, 32.26, 32.26, 32.26, 32.26]",32.305,32.3,32.260999999999996,32.27,36037.55000000
0:45:0,1622223901.4628356,"[32.29, 32.29, 32.29, 32.3, 32.3, 32.3, 32.3, 32.31, 32.31, 32.31]","[32.27, 32.26, 32.26, 32.26, 32.26, 32.26, 32.26, 32.26, 32.26, 32.25]",32.3,32.29,32.26,32.27,36119.98000000
0:50:0,1622224201.3857565,"[32.29, 32.29, 32.3, 32.3, 32.3, 32.3, 32.3, 32.3, 32.31, 32.31]","[32.27, 32.26, 32.26, 32.26, 32.26, 32.26, 32.26, 32.26, 32.26, 32.26]",32.3,32.29,32.260999999999996,32.27,36188.18000000
0:55:0,1622224501.6006513,"[32.29, 32.3, 32.3, 32.3, 32.3, 32.3, 32.3, 32.3, 32.31, 32.31]","[32.26, 32.26, 32.26, 32.26, 32.26, 32.26, 32.26, 32.26, 32.26, 32.25]",32.301,32.29,32.259,32.26,36127.68000000
1:0:0,1622224801.7708178,"[32.29, 32.29, 32.3, 32.3, 32.3, 32.3, 32.3, 32.3, 32.31, 32.31]","[32.28, 32.27, 32.26, 32.26, 32.26, 32.26, 32.26, 32.26, 32.26, 32.26]",32.3,32.29,32.263,32.28,35995.80000000
1:5:0,1622225102.30702,"[32.29, 32.3, 32.3, 32.3, 32.3, 32.3, 32.3, 32.3, 32.3, 32.3]","[32.27, 32.27, 32.27, 32.26, 32.26, 32.26, 32.26, 32.26, 32.26, 32.26]",32.299,32.29,32.263,32.27,35704.69000000
1:10:0,1622225401.2239997,"[32.3, 32.3, 32.3, 32.31, 32.31, 32.31, 32.31, 32.32, 32.32, 32.32]","[32.26, 32.26, 32.26, 32.26, 32.26, 32.25, 32.25, 32.25, 32.24, 32.23]",32.31,32.3,32.251999999999995,32.26,35788.74000000
1:15:0,1622225701.5021122,"[32.29, 32.29, 32.29, 32.29, 32.29, 32.29, 32.3, 32.3, 32.3, 32.3]","[32.27, 32.26, 32.26, 32.26, 32.25, 32.25, 32.25, 32.25, 32.23, 32.23]",32.294,32.29,32.251,32.27,35701.38000000
1:20:0,1622226001.6152909,"[32.27, 32.27, 32.27, 32.28, 32.28, 32.28, 32.28, 32.29, 32.29, 32.29]","[32.27, 32.26, 32.26, 32.25, 32.25, 32.25, 32.24, 32.24, 32.23, 32.23]",32.28,32.27,32.248,32.27,35606.87000000
1:25:0,1622226301.6163626,"[32.28, 32.28, 32.28, 32.29, 32.29, 32.29, 32.29, 32.29, 32.3, 32.3]","[32.27, 32.26, 32.26, 32.25, 32.25, 32.24, 32.24, 32.23, 32.23, 32.23]",32.289,32.28,32.246,32.27,35813.18000000
1:30:0,1622226601.8324544,"[32.29, 32.29, 32.3, 32.3, 32.3, 32.3, 32.3, 32.31, 32.31, 32.31]","[32.26, 32.26, 32.26, 32.26, 32.25, 32.25, 32.25, 32.25, 32.25, 32.24]",32.301,32.29,32.253,32.26,35900.00000000
1:35:0,1622226901.7360942,"[32.29, 32.29, 32.29, 32.29, 32.3, 32.3, 32.3, 32.31, 32.31, 32.31]","[32.26, 32.26, 32.26, 32.26, 32.25, 32.25, 32.24, 32.24, 32.24, 32.24]",32.299,32.29,32.25,32.26,36202.39000000
1:40:0,1622227201.2563396,"[32.29, 32.29, 32.29, 32.29, 32.3, 32.3, 32.3, 32.3, 32.31, 32.31]","[32.26, 32.26, 32.25, 32.25, 32.25, 32.24, 32.24, 32.24, 32.24, 32.23]",32.298,32.29,32.246,32.26,36303.27000000
1:45:0,1622227502.112326,"[32.28, 32.28, 32.28, 32.29, 32.29, 32.29, 32.29, 32.29, 32.29, 32.29]","[32.26, 32.25, 32.25, 32.25, 32.25, 32.24, 32.24, 32.23, 32.23, 32.22]",32.287,32.28,32.242,32.26,36183.18000000
1:50:0,1622227801.7473123,"[32.28, 32.28, 32.28, 32.28, 32.29, 32.29, 32.29, 32.29, 32.29, 32.29]","[32.26, 32.26, 32.25, 32.25, 32.24, 32.23, 32.23, 32.22, 32.22, 32.22]",32.286,32.28,32.238,32.26,36011.79000000
1:55:0,1622228101.903527,"[32.28, 32.28, 32.28, 32.28, 32.28, 32.29, 32.29, 32.29, 32.29, 32.3]","[32.26, 32.25, 32.25, 32.24, 32.23, 32.23, 32.23, 32.23, 32.22, 32.22]",32.286,32.28,32.236,32.26,36283.85000000
2:10:0,1622229001.3577452,"[32.25, 32.26, 32.26, 32.26, 32.26, 32.27, 32.27, 32.28, 32.28, 32.28]","[32.23, 32.22, 32.22, 32.21, 32.21, 32.2, 32.2, 32.19, 32.17, 32.16]",32.267,32.25,32.201,32.23,36262.42000000
2:15:0,1622229302.4203575,"[32.26, 32.26, 32.27, 32.27, 32.27, 32.28, 32.28, 32.29, 32.29, 32.29]","[32.23, 32.22, 32.21, 32.21, 32.2, 32.2, 32.19, 32.18, 32.17, 32.16]",32.276,32.26,32.197,32.23,36490.40000000
2:20:0,1622229601.8053954,"[32.26, 32.26, 32.26, 32.26, 32.26, 32.26, 32.26, 32.27, 32.27, 32.27]","[32.22, 32.22, 32.21, 32.21, 32.2, 32.19, 32.18, 32.18, 32.17, 32.16]",32.263,32.26,32.194,32.22,36132.64000000
2:25:0,1622229901.7102377,"[32.25, 32.25, 32.26, 32.26, 32.26, 32.26, 32.26, 32.27, 32.27, 32.27]","[32.22, 32.22, 32.21, 32.21, 32.19, 32.18, 32.18, 32.17, 32.16, 32.16]",32.261,32.25,32.19,32.22,35840.02000000
2:30:0,1622230201.6093748,"[32.25, 32.25, 32.25, 32.25, 32.25, 32.25, 32.26, 32.26, 32.26, 32.26]","[32.23, 32.22, 32.22, 32.21, 32.21, 32.21, 32.2, 32.19, 32.18, 32.17]",32.254,32.25,32.204,32.23,36065.25000000
2:35:0,1622230501.7745776,"[32.21, 32.22, 32.22, 32.23, 32.23, 32.23, 32.24, 32.25, 32.25, 32.25]","[32.21, 32.2, 32.19, 32.18, 32.18, 32.17, 32.16, 32.16, 32.15, 32.15]",32.233,32.21,32.175,32.21,35740.02000000
2:40:0,1622230801.4190278,"[32.21, 32.22, 32.23, 32.23, 32.23, 32.24, 32.25, 32.26, 32.26, 32.26]","[32.21, 32.19, 32.19, 32.19, 32.18, 32.18, 32.17, 32.16, 32.16, 32.15]",32.239,32.21,32.178,32.21,35688.40000000
2:45:0,1622231101.6049664,"[32.22, 32.22, 32.23, 32.23, 32.24, 32.25, 32.25, 32.26, 32.26, 32.26]","[32.21, 32.2, 32.19, 32.19, 32.19, 32.18, 32.18, 32.17, 32.16, 32.16]",32.242,32.22,32.183,32.21,35763.81000000
2:50:0,1622231401.6582854,"[32.21, 32.22, 32.22, 32.23, 32.25, 32.25, 32.26, 32.26, 32.26, 32.26]","[32.21, 32.2, 32.19, 32.19, 32.19, 32.19, 32.18, 32.18, 32.18, 32.17]",32.242,32.21,32.188,32.21,35775.18000000
2:55:0,1622231701.9217548,"[32.24, 32.25, 32.25, 32.25, 32.26, 32.26, 32.26, 32.26, 32.26, 32.27]","[32.21, 32.2, 32.2, 32.2, 32.19, 32.19, 32.19, 32.18, 32.18, 32.17]",32.256,32.24,32.191,32.21,35795.22000000
3:0:0,1622232001.563588,"[32.24, 32.25, 32.25, 32.25, 32.26, 32.26, 32.26, 32.27, 32.27, 32.27]","[32.22, 32.21, 32.21, 32.21, 32.2, 32.19, 32.19, 32.18, 32.18, 32.17]",32.258,32.24,32.196,32.22,35798.65000000
3:5:0,1622232301.371612,"[32.25, 32.25, 32.25, 32.26, 32.26, 32.27, 32.27, 32.27, 32.28, 32.28]","[32.22, 32.21, 32.21, 32.21, 32.2, 32.2, 32.19, 32.19, 32.18, 32.17]",32.264,32.25,32.198,32.22,35959.45000000
3:10:0,1622232601.3711739,"[32.24, 32.24, 32.25, 32.25, 32.25, 32.25, 32.26, 32.26, 32.26, 32.27]","[32.22, 32.21, 32.21, 32.21, 32.2, 32.19, 32.19, 32.18, 32.17, 32.16]",32.253,32.24,32.194,32.22,35992.41000000
3:15:0,1622232901.5719557,"[32.24, 32.25, 32.25, 32.25, 32.26, 32.26, 32.27, 32.28, 32.28, 32.28]","[32.22, 32.21, 32.21, 32.21, 32.2, 32.19, 32.19, 32.18, 32.17, 32.16]",32.262,32.24,32.194,32.22,36117.36000000
3:20:0,1622233201.4184396,"[32.25, 32.25, 32.25, 32.26, 32.26, 32.27, 32.28, 32.28, 32.28, 32.29]","[32.22, 32.21, 32.21, 32.21, 32.19, 32.19, 32.18, 32.17, 32.16, 32.15]",32.267,32.25,32.189,32.22,36185.77000000
3:25:0,1622233501.2775824,"[32.25, 32.26, 32.26, 32.27, 32.28, 32.28, 32.28, 32.29, 32.3, 32.3]","[32.22, 32.21, 32.21, 32.21, 32.19, 32.19, 32.18, 32.16, 32.15, 32.15]",32.277,32.25,32.187,32.22,36240.00000000
3:30:0,1622233801.470528,"[32.25, 32.25, 32.26, 32.27, 32.28, 32.29, 32.3, 32.31, 32.31, 32.31]","[32.22, 32.22, 32.21, 32.21, 32.21, 32.19, 32.18, 32.16, 32.15, 32.15]",32.283,32.25,32.19,32.22,35894.42000000
3:35:0,1622234101.910926,"[32.25, 32.25, 32.25, 32.25, 32.26, 32.27, 32.28, 32.29, 32.29, 32.3]","[32.22, 32.22, 32.21, 32.21, 32.21, 32.19, 32.18, 32.16, 32.15, 32.15]",32.269,32.25,32.19,32.22,35508.13000000
3:40:0,1622234401.5908594,"[32.25, 32.26, 32.27, 32.28, 32.29, 32.29, 32.3, 32.31, 32.31, 32.32]","[32.23, 32.22, 32.22, 32.22, 32.22, 32.21, 32.21, 32.19, 32.15, 32.15]",32.288,32.25,32.202,32.23,35458.02000000
3:45:0,1622234701.516341,"[32.29, 32.31, 32.31, 32.32, 32.32, 32.33, 32.34, 32.35, 32.35, 32.35]","[32.24, 32.24, 32.23, 32.23, 32.22, 32.22, 32.21, 32.21, 32.19, 32.15]",32.327,32.29,32.214,32.24,35445.06000000
3:50:0,1622235001.8688276,"[32.3, 32.31, 32.31, 32.31, 32.32, 32.32, 32.33, 32.34, 32.35, 32.35]","[32.25, 32.25, 32.24, 32.23, 32.22, 32.22, 32.21, 32.21, 32.19, 32.15]",32.324,32.3,32.217,32.25,35365.08000000
3:55:0,1622235301.2752724,"[32.31, 32.31, 32.32, 32.33, 32.34, 32.35, 32.35, 32.36, 32.37, 32.37]","[32.25, 32.25, 32.24, 32.23, 32.22, 32.21, 32.21, 32.19, 32.15, 32.15]",32.341,32.31,32.21,32.25,35268.24000000
4:0:0,1622235601.3388495,"[32.31, 32.31, 32.32, 32.32, 32.33, 32.34, 32.35, 32.36, 32.37, 32.39]","[32.25, 32.25, 32.24, 32.22, 32.22, 32.21, 32.21, 32.19, 32.15, 32.15]",32.34,32.31,32.209,32.25,35205.19000000
4:5:0,1622235902.049586,"[32.32, 32.32, 32.32, 32.32, 32.33, 32.34, 32.35, 32.35, 32.36, 32.36]","[32.25, 32.24, 32.22, 32.22, 32.21, 32.21, 32.19, 32.15, 32.15, 32.14]",32.337,32.32,32.198,32.25,35117.32000000
4:10:0,1622236201.4499779,"[32.32, 32.32, 32.35, 32.36, 32.36, 32.37, 32.39, 32.39, 32.4, 32.4]","[32.25, 32.24, 32.22, 32.22, 32.21, 32.19, 32.15, 32.15, 32.14, 32.13]",32.366,32.32,32.19,32.25,34945.56000000
4:15:0,1622236501.3220577,"[32.37, 32.38, 32.38, 32.38, 32.39, 32.39, 32.39, 32.4, 32.4, 32.4]","[32.25, 32.24, 32.23, 32.23, 32.22, 32.21, 32.19, 32.15, 32.15, 32.15]",32.388,32.37,32.202,32.25,35004.22000000
4:20:0,1622236801.1991146,"[32.38, 32.39, 32.39, 32.39, 32.39, 32.39, 32.39, 32.39, 32.4, 32.4]","[32.29, 32.29, 32.27, 32.26, 32.23, 32.23, 32.22, 32.19, 32.15, 32.15]",32.391,32.38,32.228,32.29,35129.12000000
4:25:0,1622237101.572388,"[32.38, 32.39, 32.39, 32.39, 32.39, 32.39, 32.39, 32.39, 32.39, 32.4]","[32.32, 32.3, 32.3, 32.29, 32.24, 32.23, 32.22, 32.19, 32.15, 32.15]",32.39,32.38,32.239,32.32,34875.25000000
4:30:0,1622237401.1571019,"[32.35, 32.38, 32.39, 32.39, 32.39, 32.39, 32.39, 32.39, 32.39, 32.4]","[32.32, 32.3, 32.3, 32.3, 32.29, 32.27, 32.25, 32.25, 32.24, 32.23]",32.386,32.35,32.275,32.32,34887.09000000
4:35:0,1622237701.8796444,"[32.35, 32.37, 32.38, 32.38, 32.38, 32.38, 32.39, 32.39, 32.39, 32.39]","[32.32, 32.31, 32.31, 32.3, 32.3, 32.29, 32.28, 32.27, 32.25, 32.25]",32.38,32.35,32.288,32.32,35014.61000000
4:40:0,1622238001.688595,"[32.38, 32.38, 32.39, 32.39, 32.39, 32.39, 32.39, 32.39, 32.39, 32.39]","[32.33, 32.33, 32.33, 32.32, 32.29, 32.27, 32.25, 32.25, 32.23, 32.22]",32.388,32.38,32.282,32.33,34974.59000000
4:50:0,1622238601.5025127,"[32.38, 32.38, 32.39, 32.39, 32.39, 32.39, 32.39, 32.39, 32.39, 32.4]","[32.32, 32.32, 32.31, 32.3, 32.3, 32.3, 32.29, 32.27, 32.25, 32.23]",32.389,32.38,32.289,32.32,35021.89000000
4:55:0,1622238901.1790857,"[32.38, 32.38, 32.38, 32.39, 32.39, 32.39, 32.39, 32.39, 32.39, 32.39]","[32.34, 32.34, 32.34, 32.33, 32.33, 32.32, 32.29, 32.27, 32.26, 32.26]",32.387,32.38,32.308,32.34,34877.63000000
5:0:0,1622239203.165612,"[32.38, 32.38, 32.38, 32.38, 32.38, 32.38, 32.38, 32.39, 32.39, 32.39]","[32.34, 32.33, 32.33, 32.29, 32.27, 32.27, 32.26, 32.26, 32.26, 32.25]",32.383,32.38,32.286,32.34,35048.49000000
5:5:0,1622239503.1977983,"[32.36, 32.36, 32.37, 32.37, 32.37, 32.37, 32.38, 32.38, 32.38, 32.38]","[32.31, 32.31, 32.3, 32.29, 32.27, 32.26, 32.26, 32.25, 32.23, 32.22]",32.372,32.36,32.269999999999996,32.31,35089.96000000
5:10:0,1622239801.5826197,"[32.35, 32.35, 32.36, 32.36, 32.36, 32.37, 32.37, 32.37, 32.37, 32.37]","[32.31, 32.3, 32.29, 32.29, 32.27, 32.26, 32.25, 32.24, 32.23, 32.22]",32.363,32.35,32.266,32.31,35335.28000000
5:15:0,1622240101.432371,"[32.36, 32.36, 32.37, 32.37, 32.37, 32.37, 32.38, 32.38, 32.38, 32.38]","[32.32, 32.31, 32.3, 32.3, 32.29, 32.27, 32.27, 32.26, 32.25, 32.24]",32.372,32.36,32.281,32.32,35450.00000000
5:20:0,1622240401.3352637,"[32.35, 32.36, 32.36, 32.36, 32.37, 32.37, 32.38, 32.38, 32.38, 32.38]","[32.32, 32.3, 32.29, 32.27, 32.27, 32.27, 32.26, 32.25, 32.23, 32.22]",32.369,32.35,32.268,32.32,35207.43000000
5:25:0,1622240701.3407276,"[32.36, 32.36, 32.36, 32.36, 32.37, 32.37, 32.37, 32.38, 32.38, 32.38]","[32.33, 32.31, 32.3, 32.3, 32.29, 32.27, 32.27, 32.26, 32.25, 32.23]",32.369,32.36,32.281,32.33,34873.91000000
5:30:0,1622241001.2409744,"[32.35, 32.36, 32.36, 32.36, 32.36, 32.37, 32.38, 32.38, 32.38, 32.38]","[32.31, 32.31, 32.3, 32.3, 32.29, 32.29, 32.27, 32.27, 32.26, 32.25]",32.368,32.35,32.285,32.31,34870.38000000
5:35:0,1622241301.172347,"[32.34, 32.35, 32.36, 32.36, 32.36, 32.36, 32.36, 32.36, 32.36, 32.36]","[32.31, 32.3, 32.29, 32.29, 32.29, 32.27, 32.27, 32.27, 32.26, 32.25]",32.357,32.34,32.28,32.31,34988.28000000
5:40:0,1622241601.293017,"[32.36, 32.36, 32.36, 32.36, 32.36, 32.36, 32.36, 32.37, 32.37, 32.37]","[32.3, 32.3, 32.29, 32.29, 32.29, 32.27, 32.27, 32.27, 32.26, 32.25]",32.363,32.36,32.278999999999996,32.3,35147.91000000
5:45:0,1622241901.3351934,"[32.35, 32.35, 32.35, 32.35, 32.35, 32.36, 32.36, 32.36, 32.36, 32.36]","[32.3, 32.3, 32.3, 32.29, 32.29, 32.29, 32.27, 32.27, 32.26, 32.25]",32.355000000000004,32.35,32.282,32.3,34914.73000000
5:50:0,1622242201.1462274,"[32.35, 32.35, 32.36, 32.36, 32.36, 32.36, 32.36, 32.36, 32.36, 32.37]","[32.31, 32.31, 32.31, 32.31, 32.3, 32.3, 32.29, 32.29, 32.29, 32.27]",32.359,32.35,32.298,32.31,34947.33000000
5:55:0,1622242501.1470017,"[32.35, 32.35, 32.35, 32.36, 32.36, 32.36, 32.36, 32.36, 32.36, 32.36]","[32.32, 32.32, 32.32, 32.31, 32.31, 32.31, 32.31, 32.29, 32.29, 32.29]",32.357,32.35,32.307,32.32,34941.85000000
6:0:0,1622242801.1681726,"[32.35, 32.35, 32.35, 32.36, 32.36, 32.36, 32.36, 32.36, 32.37, 32.38]","[32.3, 32.29, 32.29, 32.29, 32.28, 32.27, 32.26, 32.25, 32.25, 32.23]",32.36,32.35,32.271,32.3,35061.40000000
6:5:0,1622243103.2193613,"[32.33, 32.34, 32.35, 32.35, 32.35, 32.35, 32.35, 32.35, 32.35, 32.36]","[32.3, 32.3, 32.3, 32.29, 32.29, 32.29, 32.28, 32.28, 32.27, 32.26]",32.348,32.33,32.286,32.3,35187.67000000
6:10:0,1622243401.4013264,"[32.34, 32.34, 32.34, 32.35, 32.35, 32.35, 32.35, 32.35, 32.35, 32.35]","[32.3, 32.3, 32.3, 32.3, 32.29, 32.29, 32.28, 32.28, 32.27, 32.27]",32.347,32.34,32.288,32.3,35152.54000000
6:15:0,1622243701.349941,"[32.34, 32.34, 32.35, 32.35, 32.35, 32.35, 32.35, 32.35, 32.35, 32.35]","[32.31, 32.3, 32.3, 32.3, 32.3, 32.29, 32.29, 32.28, 32.27, 32.27]",32.348,32.34,32.291,32.31,35271.30000000
6:20:0,1622244001.3191466,"[32.34, 32.34, 32.35, 32.35, 32.35, 32.35, 32.35, 32.35, 32.35, 32.35]","[32.31, 32.31, 32.3, 32.29, 32.29, 32.29, 32.29, 32.28, 32.27, 32.26]",32.348,32.34,32.289,32.31,35354.04000000
6:25:0,1622244301.4626465,"[32.34, 32.34, 32.34, 32.35, 32.35, 32.35, 32.35, 32.35, 32.35, 32.35]","[32.3, 32.29, 32.29, 32.29, 32.28, 32.28, 32.27, 32.26, 32.25, 32.24]",32.347,32.34,32.275,32.3,35333.02000000
6:30:0,1622244603.7185278,"[32.33, 32.34, 32.34, 32.34, 32.34, 32.34, 32.34, 32.34, 32.34, 32.34]","[32.3, 32.29, 32.29, 32.29, 32.28, 32.27, 32.27, 32.26, 32.26, 32.25]",32.339000000000006,32.33,32.275999999999996,32.3,35458.18000000
6:35:0,1622244901.3850245,"[32.33, 32.33, 32.33, 32.33, 32.33, 32.34, 32.34, 32.34, 32.34, 32.34]","[32.29, 32.29, 32.28, 32.28, 32.27, 32.27, 32.26, 32.25, 32.24, 32.19]",32.335,32.33,32.262,32.29,35661.60000000
6:40:0,1622245201.2464666,"[32.31, 32.32, 32.33, 32.33, 32.33, 32.33, 32.33, 32.33, 32.34, 32.34]","[32.29, 32.28, 32.28, 32.27, 32.27, 32.27, 32.26, 32.25, 32.25, 32.23]",32.329,32.31,32.265,32.29,35625.74000000
6:45:0,1622245501.3310127,"[32.33, 32.33, 32.33, 32.33, 32.33, 32.33, 32.33, 32.34, 32.34, 32.34]","[32.29, 32.29, 32.28, 32.27, 32.27, 32.26, 32.25, 32.23, 32.21, 32.2]",32.333,32.33,32.255,32.29,35667.84000000
6:50:0,1622245801.22961,"[32.31, 32.31, 32.32, 32.32, 32.32, 32.32, 32.32, 32.33, 32.33, 32.33]","[32.32, 32.3, 32.3, 32.29, 32.29, 32.29, 32.28, 32.28, 32.28, 32.27]",32.321,32.31,32.29,32.32,35691.80000000
6:55:0,1622246103.1895983,"[32.31, 32.32, 32.32, 32.32, 32.32, 32.32, 32.32, 32.32, 32.32, 32.32]","[32.32, 32.31, 32.3, 32.3, 32.3, 32.3, 32.29, 32.29, 32.29, 32.28]",32.319,32.31,32.298,32.32,35643.00000000
7:0:0,1622246401.4565587,"[32.31, 32.32, 32.32, 32.32, 32.32, 32.32, 32.32, 32.32, 32.32, 32.33]","[32.3, 32.3, 32.3, 32.3, 32.29, 32.29, 32.29, 32.29, 32.28, 32.28]",32.32,32.31,32.292,32.3,35668.84000000
7:5:0,1622246701.3202398,"[32.32, 32.32, 32.32, 32.32, 32.32, 32.32, 32.32, 32.32, 32.32, 32.32]","[32.31, 32.31, 32.31, 32.31, 32.3, 32.3, 32.29, 32.29, 32.29, 32.28]",32.32,32.32,32.299,32.31,35704.85000000
7:10:0,1622247001.2840219,"[32.32, 32.32, 32.32, 32.32, 32.33, 32.33, 32.33, 32.33, 32.33, 32.34]","[32.31, 32.3, 32.3, 32.29, 32.29, 32.29, 32.28, 32.28, 32.28, 32.25]",32.327,32.32,32.287,32.31,35797.02000000
7:15:0,1622247301.2536836,"[32.33, 32.33, 32.33, 32.33, 32.33, 32.33, 32.33, 32.33, 32.34, 32.34]","[32.31, 32.3, 32.3, 32.3, 32.3, 32.3, 32.29, 32.29, 32.29, 32.28]",32.332,32.33,32.296,32.31,35852.39000000
7:20:0,1622247601.3161426,"[32.3, 32.33, 32.33, 32.33, 32.33, 32.33, 32.33, 32.33, 32.33, 32.33]","[32.31, 32.3, 32.3, 32.29, 32.29, 32.29, 32.28, 32.27, 32.26, 32.23]",32.327,32.3,32.282,32.31,35950.70000000
7:25:0,1622247904.1351843,"[32.33, 32.33, 32.33, 32.33, 32.33, 32.33, 32.34, 32.34, 32.34, 32.34]","[32.3, 32.3, 32.3, 32.29, 32.29, 32.29, 32.29, 32.29, 32.28, 32.28]",32.334,32.33,32.291,32.3,35909.61000000
7:35:0,1622248501.2840588,"[32.32, 32.33, 32.33, 32.33, 32.33, 32.33, 32.33, 32.33, 32.33, 32.33]","[32.3, 32.3, 32.3, 32.3, 32.3, 32.29, 32.29, 32.29, 32.28, 32.28]",32.329,32.32,32.293,32.3,35803.05000000
7:40:0,1622248801.33152,"[32.33, 32.33, 32.33, 32.33, 32.33, 32.33, 32.33, 32.33, 32.33, 32.33]","[32.31, 32.3, 32.3, 32.3, 32.3, 32.3, 32.29, 32.29, 32.29, 32.28]",32.33,32.33,32.296,32.31,35920.37000000
7:45:0,1622249101.3923342,"[32.32, 32.32, 32.33, 32.33, 32.33, 32.33, 32.33, 32.33, 32.34, 32.34]","[32.32, 32.3, 32.3, 32.3, 32.3, 32.3, 32.3, 32.29, 32.29, 32.29]",32.33,32.32,32.299,32.32,35864.14000000
7:50:0,1622249401.334616,"[32.33, 32.33, 32.33, 32.33, 32.34, 32.34, 32.34, 32.34, 32.34, 32.34]","[32.32, 32.31, 32.3, 32.3, 32.3, 32.3, 32.3, 32.3, 32.3, 32.29]",32.336,32.33,32.302,32.32,36007.52000000
7:55:0,1622249701.7374697,"[32.32, 32.33, 32.33, 32.33, 32.33, 32.33, 32.33, 32.33, 32.33, 32.34]","[32.31, 32.3, 32.3, 32.3, 32.3, 32.3, 32.3, 32.3, 32.3, 32.29]",32.33,32.32,32.3,32.31,36260.75000000
8:0:0,1622250001.618783,"[32.32, 32.32, 32.32, 32.33, 32.33, 32.33, 32.33, 32.33, 32.33, 32.33]","[32.31, 32.31, 32.3, 32.3, 32.3, 32.3, 32.3, 32.3, 32.3, 32.3]",32.327,32.32,32.302,32.31,36225.22000000
8:5:0,1622250301.455338,"[32.32, 32.32, 32.33, 32.33, 32.33, 32.33, 32.33, 32.33, 32.33, 32.33]","[32.31, 32.3, 32.3, 32.3, 32.3, 32.3, 32.3, 32.3, 32.3, 32.29]",32.327999999999996,32.32,32.3,32.31,36400.00000000
8:10:0,1622250601.722053,"[32.32, 32.32, 32.32, 32.32, 32.32, 32.33, 32.33, 32.33, 32.33, 32.33]","[32.3, 32.3, 32.3, 32.3, 32.3, 32.3, 32.3, 32.29, 32.29, 32.29]",32.325,32.32,32.297,32.3,36292.67000000
8:15:0,1622250901.5660334,"[32.32, 32.32, 32.32, 32.32, 32.32, 32.33, 32.33, 32.33, 32.33, 32.33]","[32.3, 32.3, 32.3, 32.3, 32.3, 32.3, 32.3, 32.3, 32.29, 32.29]",32.325,32.32,32.297999999999995,32.3,36318.74000000
8:20:0,1622251201.718269,"[32.32, 32.32, 32.32, 32.32, 32.32, 32.32, 32.32, 32.32, 32.32, 32.32]","[32.3, 32.3, 32.3, 32.3, 32.29, 32.29, 32.29, 32.29, 32.28, 32.28]",32.32,32.32,32.292,32.3,36200.00000000
8:25:0,1622251501.42178,"[32.31, 32.32, 32.32, 32.32, 32.32, 32.32, 32.32, 32.32, 32.32, 32.32]","[32.29, 32.29, 32.28, 32.27, 32.26, 32.26, 32.26, 32.25, 32.25, 32.2]",32.319,32.31,32.261,32.29,36255.68000000
8:30:0,1622251802.312882,"[32.31, 32.31, 32.31, 32.31, 32.31, 32.32, 32.32, 32.32, 32.32, 32.32]","[32.29, 32.28, 32.28, 32.28, 32.27, 32.27, 32.26, 32.26, 32.25, 32.25]",32.315,32.31,32.269,32.29,36370.50000000
8:35:0,1622252101.399825,"[32.3, 32.3, 32.3, 32.3, 32.3, 32.3, 32.3, 32.31, 32.31, 32.31]","[32.28, 32.27, 32.27, 32.26, 32.26, 32.25, 32.25, 32.21, 32.2, 32.2]",32.303,32.3,32.245000000000005,32.28,36253.10000000
8:40:0,1622252401.4783006,"[32.28, 32.29, 32.29, 32.29, 32.29, 32.29, 32.3, 32.3, 32.3, 32.3]","[32.26, 32.26, 32.25, 32.25, 32.25, 32.25, 32.25, 32.2, 32.2, 32.19]",32.293,32.28,32.236,32.26,36349.99000000
8:45:0,1622252701.9943624,"[32.26, 32.27, 32.27, 32.28, 32.28, 32.28, 32.28, 32.28, 32.29, 32.29]","[32.25, 32.22, 32.22, 32.21, 32.2, 32.2, 32.2, 32.19, 32.19, 32.18]",32.278,32.26,32.206,32.25,36272.57000000
8:50:0,1622253001.8284004,"[32.21, 32.23, 32.24, 32.24, 32.24, 32.24, 32.25, 32.25, 32.25, 32.25]","[32.25, 32.22, 32.21, 32.2, 32.2, 32.2, 32.19, 32.19, 32.19, 32.19]",32.24,32.21,32.204,32.25,36324.33000000
8:55:0,1622253301.9801095,"[32.24, 32.25, 32.25, 32.25, 32.25, 32.25, 32.25, 32.25, 32.26, 32.27]","[32.2, 32.2, 32.2, 32.2, 32.19, 32.19, 32.19, 32.19, 32.18, 32.18]",32.252,32.24,32.192,32.2,36103.32000000
9:0:0,1622253601.71014,"[32.25, 32.25, 32.25, 32.25, 32.25, 32.25, 32.26, 32.26, 32.27, 32.27]","[32.24, 32.21, 32.21, 32.21, 32.21, 32.2, 32.2, 32.2, 32.2, 32.2]",32.256,32.25,32.208,32.24,36380.02000000
9:5:0,1622253901.8051162,"[32.25, 32.26, 32.26, 32.26, 32.27, 32.27, 32.27, 32.27, 32.28, 32.28]","[32.24, 32.23, 32.22, 32.22, 32.21, 32.21, 32.21, 32.21, 32.21, 32.21]",32.267,32.25,32.217,32.24,36405.86000000
9:10:0,1622254201.664719,"[32.26, 32.27, 32.27, 32.27, 32.27, 32.27, 32.28, 32.28, 32.28, 32.28]","[32.24, 32.24, 32.23, 32.23, 32.23, 32.23, 32.23, 32.23, 32.23, 32.22]",32.273,32.26,32.230999999999995,32.24,36299.79000000
9:15:0,1622254501.77164,"[32.26, 32.26, 32.26, 32.27, 32.27, 32.27, 32.27, 32.27, 32.27, 32.27]","[32.25, 32.25, 32.24, 32.24, 32.23, 32.23, 32.23, 32.23, 32.23, 32.22]",32.267,32.26,32.235,32.25,36454.80000000
9:20:0,1622254801.7086303,"[32.26, 32.26, 32.27, 32.27, 32.27, 32.27, 32.27, 32.27, 32.28, 32.28]","[32.24, 32.23, 32.23, 32.23, 32.23, 32.23, 32.23, 32.23, 32.22, 32.22]",32.27,32.26,32.229,32.24,36250.03000000
9:25:0,1622255101.6156394,"[32.25, 32.26, 32.26, 32.26, 32.26, 32.26, 32.26, 32.27, 32.27, 32.27]","[32.23, 32.23, 32.23, 32.23, 32.23, 32.23, 32.23, 32.23, 32.22, 32.22]",32.262,32.25,32.227999999999994,32.23,36272.66000000
9:30:0,1622255401.6002133,"[32.26, 32.26, 32.26, 32.26, 32.26, 32.26, 32.27, 32.27, 32.27, 32.27]","[32.24, 32.24, 32.24, 32.24, 32.23, 32.23, 32.23, 32.23, 32.23, 32.23]",32.264,32.26,32.234,32.24,36145.31000000
9:35:0,1622255701.6660025,"[32.26, 32.26, 32.26, 32.26, 32.27, 32.27, 32.27, 32.27, 32.27, 32.27]","[32.25, 32.24, 32.24, 32.23, 32.23, 32.23, 32.23, 32.23, 32.23, 32.23]",32.266,32.26,32.233999999999995,32.25,36277.82000000
9:40:0,1622256002.0641434,"[32.25, 32.26, 32.26, 32.26, 32.26, 32.26, 32.26, 32.27, 32.27, 32.27]","[32.24, 32.23, 32.23, 32.23, 32.23, 32.23, 32.23, 32.23, 32.23, 32.22]",32.262,32.25,32.23,32.24,36318.28000000
9:45:0,1622256301.7017186,"[32.25, 32.25, 32.25, 32.25, 32.26, 32.26, 32.26, 32.26, 32.26, 32.26]","[32.24, 32.23, 32.23, 32.23, 32.23, 32.23, 32.22, 32.22, 32.22, 32.22]",32.256,32.25,32.227,32.24,36335.57000000
9:50:0,1622256601.5171728,"[32.25, 32.25, 32.25, 32.25, 32.26, 32.26, 32.26, 32.26, 32.27, 32.27]","[32.26, 32.24, 32.23, 32.23, 32.22, 32.22, 32.22, 32.22, 32.22, 32.22]",32.258,32.25,32.228,32.26,36383.90000000
9:55:0,1622256901.861773,"[32.25, 32.25, 32.25, 32.25, 32.25, 32.25, 32.26, 32.26, 32.26, 32.26]","[32.24, 32.23, 32.23, 32.23, 32.23, 32.22, 32.22, 32.22, 32.22, 32.22]",32.254,32.25,32.226,32.24,36259.50000000
10:0:0,1622257201.692153,"[32.24, 32.25, 32.25, 32.25, 32.25, 32.25, 32.25, 32.25, 32.25, 32.25]","[32.26, 32.23, 32.23, 32.22, 32.22, 32.22, 32.22, 32.22, 32.22, 32.22]",32.249,32.24,32.226,32.26,36355.16000000
10:5:0,1622257502.1382434,"[32.25, 32.25, 32.25, 32.25, 32.25, 32.25, 32.25, 32.25, 32.25, 32.25]","[32.23, 32.23, 32.23, 32.22, 32.22, 32.22, 32.22, 32.22, 32.22, 32.22]",32.25,32.25,32.223,32.23,36187.19000000
10:15:0,1622258101.2350047,"[32.24, 32.24, 32.25, 32.25, 32.25, 32.25, 32.25, 32.25, 32.25, 32.25]","[32.23, 32.23, 32.23, 32.22, 32.22, 32.22, 32.22, 32.22, 32.22, 32.22]",32.248,32.24,32.223,32.23,36290.62000000
10:20:0,1622258401.5297012,"[32.24, 32.24, 32.24, 32.24, 32.24, 32.24, 32.25, 32.25, 32.25, 32.25]","[32.23, 32.23, 32.23, 32.22, 32.22, 32.22, 32.22, 32.22, 32.22, 32.22]",32.244,32.24,32.223,32.23,36400.01000000
10:25:0,1622258701.4251473,"[32.23, 32.23, 32.24, 32.24, 32.24, 32.24, 32.24, 32.24, 32.24, 32.24]","[32.23, 32.23, 32.22, 32.22, 32.22, 32.22, 32.22, 32.21, 32.21, 32.21]",32.238,32.23,32.219,32.23,36673.66000000
10:30:0,1622259001.39991,"[32.22, 32.23, 32.23, 32.23, 32.23, 32.23, 32.23, 32.23, 32.24, 32.24]","[32.23, 32.22, 32.22, 32.21, 32.21, 32.21, 32.2, 32.2, 32.2, 32.2]",32.230999999999995,32.22,32.21,32.23,36573.52000000
10:35:0,1622259301.4357438,"[32.0, 32.23, 32.23, 32.23, 32.23, 32.23, 32.24, 32.24, 32.24, 32.25]","[32.22, 32.22, 32.22, 32.22, 32.21, 32.21, 32.21, 32.21, 32.2, 32.2]",32.211999999999996,32.0,32.212,32.22,36472.40000000
10:40:0,1622259601.2233593,"[32.22, 32.23, 32.23, 32.23, 32.23, 32.23, 32.24, 32.24, 32.25, 32.25]","[32.23, 32.22, 32.22, 32.22, 32.22, 32.22, 32.21, 32.21, 32.21, 32.21]",32.235,32.22,32.217,32.23,36337.49000000
10:45:0,1622259901.4832065,"[32.22, 32.23, 32.23, 32.23, 32.23, 32.23, 32.23, 32.23, 32.24, 32.24]","[32.22, 32.22, 32.22, 32.22, 32.21, 32.21, 32.2, 32.2, 32.2, 32.2]",32.230999999999995,32.22,32.21,32.22,36351.32000000
10:50:0,1622260201.5382788,"[32.22, 32.22, 32.23, 32.23, 32.23, 32.23, 32.23, 32.23, 32.24, 32.24]","[32.23, 32.22, 32.21, 32.2, 32.2, 32.2, 32.2, 32.19, 32.19, 32.19]",32.23,32.22,32.203,32.23,36319.89000000
10:55:0,1622260501.5065084,"[32.22, 32.23, 32.23, 32.23, 32.23, 32.23, 32.23, 32.23, 32.23, 32.24]","[32.22, 32.22, 32.21, 32.2, 32.2, 32.2, 32.19, 32.19, 32.19, 32.19]",32.23,32.22,32.201,32.22,36305.37000000
11:0:0,1622260801.2331848,"[32.23, 32.23, 32.23, 32.23, 32.23, 32.23, 32.23, 32.23, 32.23, 32.23]","[32.22, 32.21, 32.21, 32.2, 32.2, 32.19, 32.19, 32.19, 32.18, 32.18]",32.23,32.23,32.197,32.22,36467.00000000
11:5:0,1622261101.3565834,"[32.22, 32.23, 32.23, 32.23, 32.23, 32.23, 32.23, 32.23, 32.24, 32.24]","[32.22, 32.22, 32.2, 32.2, 32.19, 32.19, 32.19, 32.19, 32.19, 32.18]",32.230999999999995,32.22,32.197,32.22,36607.59000000
11:10:0,1622261401.2267144,"[32.23, 32.23, 32.23, 32.23, 32.23, 32.24, 32.24, 32.24, 32.24, 32.24]","[32.22, 32.21, 32.2, 32.2, 32.2, 32.19, 32.19, 32.19, 32.19, 32.19]",32.235,32.23,32.198,32.22,36329.83000000
11:15:0,1622261701.2708097,"[32.23, 32.23, 32.23, 32.23, 32.23, 32.24, 32.24, 32.24, 32.24, 32.24]","[32.21, 32.2, 32.2, 32.2, 32.2, 32.2, 32.19, 32.19, 32.19, 32.19]",32.235,32.23,32.197,32.21,36397.09000000
11:20:0,1622262001.2346663,"[32.24, 32.24, 32.24, 32.24, 32.24, 32.24, 32.25, 32.25, 32.25, 32.25]","[32.2, 32.2, 32.19, 32.19, 32.19, 32.19, 32.19, 32.19, 32.18, 32.18]",32.244,32.24,32.19,32.2,36324.25000000
11:25:0,1622262301.5265417,"[32.23, 32.23, 32.23, 32.23, 32.24, 32.24, 32.24, 32.24, 32.24, 32.25]","[32.2, 32.19, 32.19, 32.19, 32.19, 32.19, 32.19, 32.18, 32.18, 32.18]",32.237,32.23,32.188,32.2,36361.05000000
11:30:0,1622262601.2609441,"[32.23, 32.23, 32.23, 32.24, 32.24, 32.24, 32.24, 32.24, 32.24, 32.25]","[32.22, 32.2, 32.2, 32.2, 32.19, 32.19, 32.19, 32.19, 32.19, 32.19]",32.238,32.23,32.196,32.22,36500.73000000
11:35:0,1622262901.2143407,"[32.23, 32.23, 32.23, 32.23, 32.24, 32.24, 32.24, 32.24, 32.24, 32.24]","[32.2, 32.2, 32.2, 32.2, 32.19, 32.19, 32.19, 32.19, 32.19, 32.19]",32.236,32.23,32.194,32.2,36431.55000000
11:40:0,1622263201.2454782,"[32.22, 32.23, 32.23, 32.23, 32.23, 32.23, 32.24, 32.24, 32.24, 32.24]","[32.21, 32.21, 32.2, 32.2, 32.2, 32.2, 32.19, 32.19, 32.19, 32.19]",32.233,32.22,32.198,32.21,36391.95000000
11:45:0,1622263501.365965,"[32.23, 32.23, 32.23, 32.23, 32.23, 32.23, 32.24, 32.24, 32.24, 32.24]","[32.21, 32.2, 32.2, 32.2, 32.19, 32.19, 32.19, 32.19, 32.19, 32.19]",32.234,32.23,32.195,32.21,36310.35000000
11:50:0,1622263801.2611363,"[32.23, 32.23, 32.23, 32.23, 32.23, 32.23, 32.23, 32.24, 32.24, 32.24]","[32.22, 32.21, 32.2, 32.2, 32.2, 32.2, 32.2, 32.19, 32.19, 32.19]",32.233,32.23,32.2,32.22,36373.27000000
11:55:0,1622264101.3891854,"[32.22, 32.23, 32.23, 32.23, 32.23, 32.23, 32.23, 32.23, 32.24, 32.24]","[32.21, 32.2, 32.2, 32.2, 32.2, 32.2, 32.2, 32.2, 32.2, 32.19]",32.230999999999995,32.22,32.2,32.21,35954.16000000
12:0:0,1622264401.344907,"[32.22, 32.23, 32.23, 32.23, 32.23, 32.23, 32.23, 32.24, 32.24, 32.24]","[32.21, 32.2, 32.2, 32.2, 32.2, 32.2, 32.2, 32.2, 32.19, 32.19]",32.232,32.22,32.199,32.21,35721.90000000
12:5:0,1622264701.3078907,"[32.22, 32.22, 32.22, 32.22, 32.23, 32.23, 32.23, 32.23, 32.23, 32.24]","[32.21, 32.2, 32.2, 32.2, 32.2, 32.19, 32.19, 32.19, 32.19, 32.19]",32.227,32.22,32.196,32.21,35949.52000000
12:10:0,1622265001.28665,"[32.22, 32.22, 32.23, 32.23, 32.23, 32.23, 32.23, 32.23, 32.23, 32.23]","[32.21, 32.2, 32.2, 32.2, 32.2, 32.2, 32.2, 32.19, 32.19, 32.19]",32.227999999999994,32.22,32.198,32.21,36033.22000000
12:15:0,1622265301.2975512,"[32.22, 32.22, 32.22, 32.23, 32.23, 32.23, 32.23, 32.23, 32.23, 32.23]","[32.22, 32.22, 32.21, 32.2, 32.2, 32.2, 32.2, 32.19, 32.19, 32.19]",32.227,32.22,32.202,32.22,36289.99000000
12:20:0,1622265601.3162763,"[32.22, 32.23, 32.23, 32.23, 32.23, 32.23, 32.23, 32.23, 32.23, 32.23]","[32.2, 32.2, 32.2, 32.2, 32.2, 32.2, 32.19, 32.19, 32.19, 32.19]",32.229,32.22,32.196,32.2,37008.68000000
12:25:0,1622265901.43271,"[32.22, 32.22, 32.23, 32.23, 32.23, 32.23, 32.23, 32.23, 32.23, 32.23]","[32.21, 32.2, 32.2, 32.2, 32.2, 32.2, 32.2, 32.2, 32.2, 32.2]",32.227999999999994,32.22,32.201,32.21,36939.16000000
12:30:0,1622266201.6103017,"[32.22, 32.23, 32.23, 32.23, 32.23, 32.23, 32.23, 32.23, 32.24, 32.24]","[32.21, 32.2, 32.2, 32.2, 32.2, 32.2, 32.2, 32.2, 32.2, 32.19]",32.230999999999995,32.22,32.2,32.21,37144.19000000
12:35:0,1622266501.221504,"[32.22, 32.22, 32.23, 32.23, 32.23, 32.23, 32.23, 32.23, 32.23, 32.23]","[32.21, 32.21, 32.2, 32.2, 32.2, 32.2, 32.19, 32.19, 32.19, 32.19]",32.227999999999994,32.22,32.198,32.21,36994.91000000
12:40:0,1622266801.2561336,"[32.22, 32.23, 32.23, 32.23, 32.23, 32.23, 32.23, 32.23, 32.23, 32.23]","[32.21, 32.2, 32.2, 32.2, 32.2, 32.2, 32.2, 32.19, 32.19, 32.19]",32.229,32.22,32.198,32.21,37071.18000000
12:45:0,1622267101.5203662,"[32.22, 32.22, 32.22, 32.23, 32.23, 32.23, 32.23, 32.23, 32.23, 32.23]","[32.21, 32.2, 32.2, 32.2, 32.2, 32.2, 32.2, 32.2, 32.2, 32.2]",32.227,32.22,32.201,32.21,36954.01000000
12:50:0,1622267402.2145467,"[32.22, 32.22, 32.23, 32.23, 32.23, 32.23, 32.23, 32.24, 32.24, 32.24]","[32.21, 32.21, 32.21, 32.2, 32.2, 32.2, 32.2, 32.2, 32.19, 32.19]",32.231,32.22,32.201,32.21,36882.15000000
13:0:0,1622268003.2575357,"[32.22, 32.23, 32.23, 32.23, 32.23, 32.23, 32.23, 32.23, 32.24, 32.24]","[32.21, 32.2, 32.2, 32.2, 32.2, 32.2, 32.2, 32.2, 32.2, 32.2]",32.230999999999995,32.22,32.201,32.21,36879.16000000
13:5:0,1622268302.139106,"[32.21, 32.22, 32.23, 32.23, 32.23, 32.23, 32.23, 32.23, 32.23, 32.23]","[32.2, 32.2, 32.2, 32.2, 32.2, 32.2, 32.2, 32.2, 32.19, 32.19]",32.227,32.21,32.198,32.2,37021.45000000
13:10:0,1622268602.1541798,"[32.22, 32.23, 32.23, 32.23, 32.23, 32.23, 32.23, 32.23, 32.23, 32.23]","[32.21, 32.2, 32.2, 32.2, 32.2, 32.2, 32.2, 32.19, 32.19, 32.19]",32.229,32.22,32.198,32.21,36975.59000000
13:15:0,1622268902.4503818,"[32.22, 32.22, 32.22, 32.22, 32.23, 32.23, 32.23, 32.23, 32.23, 32.23]","[32.21, 32.2, 32.2, 32.2, 32.2, 32.2, 32.2, 32.2, 32.19, 32.19]",32.226,32.22,32.199,32.21,36997.92000000
13:20:0,1622269202.4792979,"[32.22, 32.22, 32.22, 32.23, 32.23, 32.23, 32.23, 32.23, 32.23, 32.24]","[32.21, 32.2, 32.2, 32.2, 32.2, 32.2, 32.19, 32.19, 32.19, 32.19]",32.227999999999994,32.22,32.197,32.21,36868.03000000
13:25:0,1622269502.466793,"[32.21, 32.22, 32.22, 32.22, 32.23, 32.23, 32.23, 32.23, 32.23, 32.23]","[32.21, 32.21, 32.2, 32.2, 32.2, 32.2, 32.2, 32.19, 32.19, 32.19]",32.224999999999994,32.21,32.199,32.21,36897.20000000
13:30:0,1622269802.5087912,"[32.21, 32.22, 32.22, 32.23, 32.23, 32.23, 32.23, 32.23, 32.23, 32.24]","[32.2, 32.2, 32.2, 32.2, 32.2, 32.19, 32.19, 32.19, 32.19, 32.19]",32.227,32.21,32.195,32.2,36864.90000000
13:35:0,1622270102.5262775,"[32.22, 32.22, 32.22, 32.23, 32.23, 32.23, 32.23, 32.23, 32.23, 32.24]","[32.21, 32.2, 32.2, 32.2, 32.2, 32.19, 32.19, 32.19, 32.19, 32.19]",32.227999999999994,32.22,32.196,32.21,36832.60000000
13:40:0,1622270402.239709,"[32.22, 32.22, 32.22, 32.22, 32.23, 32.23, 32.23, 32.23, 32.23, 32.24]","[32.2, 32.2, 32.2, 32.19, 32.19, 32.19, 32.19, 32.19, 32.19, 32.19]",32.227,32.22,32.193,32.2,36842.54000000
13:45:0,1622270703.0085022,"[32.21, 32.22, 32.22, 32.22, 32.22, 32.22, 32.23, 32.23, 32.23, 32.23]","[32.2, 32.2, 32.2, 32.19, 32.19, 32.19, 32.19, 32.19, 32.19, 32.19]",32.223,32.21,32.193,32.2,36771.40000000
13:50:0,1622271002.0132086,"[32.21, 32.22, 32.22, 32.22, 32.22, 32.22, 32.23, 32.23, 32.23, 32.23]","[32.19, 32.19, 32.19, 32.19, 32.19, 32.19, 32.19, 32.19, 32.19, 32.19]",32.223,32.21,32.19,32.19,36707.69000000
13:55:0,1622271302.4035468,"[32.22, 32.22, 32.22, 32.22, 32.23, 32.23, 32.23, 32.23, 32.23, 32.23]","[32.19, 32.19, 32.19, 32.19, 32.19, 32.18, 32.18, 32.18, 32.18, 32.18]",32.226,32.22,32.185,32.19,36615.76000000
14:0:0,1622271602.283375,"[32.22, 32.22, 32.22, 32.22, 32.22, 32.22, 32.23, 32.23, 32.23, 32.23]","[32.19, 32.19, 32.19, 32.19, 32.18, 32.18, 32.18, 32.18, 32.18, 32.18]",32.224,32.22,32.184,32.19,36523.14000000
14:5:0,1622271901.9917307,"[32.22, 32.22, 32.22, 32.22, 32.22, 32.22, 32.23, 32.23, 32.23, 32.23]","[32.2, 32.2, 32.19, 32.19, 32.19, 32.19, 32.19, 32.18, 32.18, 32.18]",32.224,32.22,32.189,32.2,36623.29000000
14:10:0,1622272202.9331102,"[32.22, 32.22, 32.22, 32.22, 32.23, 32.23, 32.23, 32.23, 32.23, 32.23]","[32.2, 32.2, 32.19, 32.19, 32.19, 32.19, 32.18, 32.18, 32.18, 32.18]",32.226,32.22,32.188,32.2,36647.60000000
14:15:0,1622272502.8460968,"[32.21, 32.21, 32.22, 32.22, 32.22, 32.22, 32.22, 32.22, 32.22, 32.23]","[32.21, 32.2, 32.19, 32.19, 32.19, 32.18, 32.18, 32.18, 32.18, 32.18]",32.219,32.21,32.188,32.21,36571.65000000
14:20:0,1622272802.4006066,"[32.21, 32.21, 32.21, 32.21, 32.22, 32.22, 32.22, 32.22, 32.22, 32.22]","[32.19, 32.19, 32.18, 32.18, 32.18, 32.18, 32.18, 32.17, 32.17, 32.17]",32.216,32.21,32.179,32.19,36445.86000000
14:25:0,1622273101.7741778,"[32.21, 32.21, 32.21, 32.21, 32.21, 32.22, 32.22, 32.22, 32.22, 32.22]","[32.18, 32.18, 32.18, 32.17, 32.17, 32.17, 32.17, 32.16, 32.16, 32.16]",32.215,32.21,32.17,32.18,36541.65000000
14:30:0,1622273401.9689436,"[32.2, 32.21, 32.21, 32.21, 32.21, 32.21, 32.22, 32.22, 32.22, 32.22]","[32.18, 32.18, 32.18, 32.17, 32.17, 32.17, 32.17, 32.17, 32.16, 32.16]",32.213,32.2,32.171,32.18,36486.89000000
14:35:0,1622273702.40811,"[32.19, 32.2, 32.2, 32.2, 32.21, 32.21, 32.21, 32.21, 32.21, 32.22]","[32.17, 32.17, 32.17, 32.16, 32.16, 32.16, 32.16, 32.16, 32.16, 32.16]",32.206,32.19,32.163,32.17,36436.28000000
14:40:0,1622274002.0769746,"[32.2, 32.21, 32.21, 32.21, 32.21, 32.21, 32.22, 32.22, 32.22, 32.22]","[32.17, 32.17, 32.17, 32.17, 32.17, 32.16, 32.16, 32.16, 32.16, 32.16]",32.213,32.2,32.165,32.17,36238.77000000
14:45:0,1622274302.0217848,"[32.21, 32.21, 32.21, 32.22, 32.22, 32.22, 32.22, 32.23, 32.23, 32.23]","[32.18, 32.18, 32.18, 32.18, 32.18, 32.17, 32.17, 32.17, 32.17, 32.17]",32.22,32.21,32.175,32.18,36126.77000000
14:50:0,1622274601.9970677,"[32.21, 32.21, 32.21, 32.22, 32.22, 32.22, 32.22, 32.22, 32.22, 32.23]","[32.19, 32.18, 32.18, 32.18, 32.18, 32.18, 32.18, 32.18, 32.17, 32.17]",32.217999999999996,32.21,32.179,32.19,36189.57000000
14:55:0,1622274902.6444962,"[32.21, 32.21, 32.22, 32.22, 32.22, 32.22, 32.22, 32.22, 32.22, 32.23]","[32.2, 32.19, 32.19, 32.18, 32.18, 32.18, 32.18, 32.18, 32.18, 32.17]",32.219,32.21,32.183,32.2,36210.47000000
15:0:0,1622275202.3924255,"[32.2, 32.2, 32.21, 32.21, 32.21, 32.21, 32.22, 32.22, 32.22, 32.22]","[32.18, 32.18, 32.18, 32.18, 32.17, 32.17, 32.17, 32.17, 32.17, 32.17]",32.212,32.2,32.174,32.18,36146.89000000
15:5:0,1622275502.3765132,"[32.2, 32.2, 32.21, 32.21, 32.21, 32.21, 32.21, 32.22, 32.22, 32.22]","[32.18, 32.18, 32.18, 32.17, 32.17, 32.17, 32.17, 32.17, 32.17, 32.17]",32.211,32.2,32.173,32.18,36157.05000000
15:10:0,1622275802.5406523,"[32.2, 32.21, 32.21, 32.21, 32.21, 32.21, 32.21, 32.22, 32.22, 32.22]","[32.19, 32.18, 32.18, 32.18, 32.17, 32.17, 32.17, 32.17, 32.17, 32.17]",32.212,32.2,32.175,32.19,36089.25000000
15:15:0,1622276102.3499117,"[32.21, 32.21, 32.21, 32.22, 32.22, 32.22, 32.22, 32.22, 32.22, 32.23]","[32.2, 32.19, 32.19, 32.18, 32.18, 32.18, 32.18, 32.18, 32.18, 32.18]",32.217999999999996,32.21,32.184,32.2,36188.21000000
15:20:0,1622276402.1059442,"[32.21, 32.22, 32.22, 32.22, 32.22, 32.22, 32.22, 32.23, 32.23, 32.23]","[32.21, 32.2, 32.19, 32.19, 32.19, 32.18, 32.18, 32.18, 32.18, 32.18]",32.222,32.21,32.188,32.21,36234.32000000
15:25:0,1622276701.9249496,"[32.21, 32.22, 32.22, 32.22, 32.22, 32.23, 32.23, 32.23, 32.23, 32.23]","[32.21, 32.2, 32.2, 32.2, 32.19, 32.19, 32.19, 32.19, 32.18, 32.18]",32.224,32.21,32.193,32.21,36172.81000000
15:30:0,1622277002.3595784,"[32.21, 32.21, 32.22, 32.22, 32.22, 32.22, 32.23, 32.23, 32.23, 32.23]","[32.2, 32.2, 32.19, 32.19, 32.19, 32.19, 32.19, 32.18, 32.18, 32.18]",32.222,32.21,32.189,32.2,35824.07000000
15:40:0,1622277602.3292413,"[32.22, 32.22, 32.22, 32.22, 32.23, 32.23, 32.23, 32.23, 32.24, 32.24]","[32.2, 32.2, 32.2, 32.2, 32.2, 32.19, 32.19, 32.19, 32.19, 32.18]",32.228,32.22,32.194,32.2,35884.31000000
15:45:0,1622277903.0299726,"[32.22, 32.23, 32.23, 32.23, 32.23, 32.24, 32.24, 32.24, 32.24, 32.24]","[32.21, 32.21, 32.21, 32.2, 32.2, 32.19, 32.19, 32.19, 32.19, 32.19]",32.234,32.22,32.198,32.21,35761.12000000
15:50:0,1622278202.734792,"[32.24, 32.25, 32.25, 32.25, 32.25, 32.25, 32.25, 32.25, 32.25, 32.25]","[32.22, 32.22, 32.22, 32.22, 32.21, 32.21, 32.21, 32.21, 32.21, 32.2]",32.249,32.24,32.213,32.22,35825.95000000
15:55:0,1622278501.325721,"[32.25, 32.25, 32.25, 32.25, 32.25, 32.25, 32.25, 32.25, 32.25, 32.26]","[32.23, 32.23, 32.23, 32.23, 32.23, 32.23, 32.23, 32.22, 32.22, 32.22]",32.251,32.25,32.227,32.23,35874.67000000
16:0:0,1622278801.1665206,"[32.25, 32.25, 32.25, 32.25, 32.25, 32.25, 32.26, 32.26, 32.27, 32.27]","[32.24, 32.23, 32.23, 32.23, 32.23, 32.23, 32.23, 32.23, 32.23, 32.23]",32.256,32.25,32.230999999999995,32.24,35781.25000000
16:5:0,1622279101.2057831,"[32.26, 32.26, 32.26, 32.27, 32.27, 32.27, 32.27, 32.27, 32.27, 32.27]","[32.25, 32.24, 32.24, 32.24, 32.23, 32.23, 32.23, 32.23, 32.23, 32.23]",32.267,32.26,32.235,32.25,35442.78000000
16:10:0,1622279403.0237603,"[32.27, 32.27, 32.27, 32.27, 32.28, 32.28, 32.28, 32.29, 32.29, 32.29]","[32.26, 32.26, 32.26, 32.26, 32.25, 32.25, 32.25, 32.25, 32.25, 32.23]",32.279,32.27,32.251999999999995,32.26,35371.58000000
16:15:0,1622279701.264617,"[32.29, 32.29, 32.29, 32.29, 32.29, 32.29, 32.29, 32.3, 32.3, 32.3]","[32.28, 32.28, 32.27, 32.27, 32.27, 32.26, 32.26, 32.26, 32.26, 32.26]",32.293,32.29,32.267,32.28,35417.76000000
16:20:0,1622280001.2578504,"[32.29, 32.29, 32.29, 32.29, 32.29, 32.29, 32.3, 32.3, 32.3, 32.3]","[32.27, 32.27, 32.27, 32.27, 32.26, 32.26, 32.26, 32.26, 32.26, 32.26]",32.294,32.29,32.264,32.27,35149.69000000
16:25:0,1622280301.234406,"[32.29, 32.29, 32.29, 32.29, 32.29, 32.29, 32.29, 32.29, 32.3, 32.3]","[32.28, 32.28, 32.27, 32.27, 32.27, 32.27, 32.26, 32.26, 32.26, 32.26]",32.292,32.29,32.268,32.28,35153.39000000
16:30:0,1622280602.2829678,"[32.28, 32.28, 32.29, 32.29, 32.29, 32.29, 32.29, 32.29, 32.29, 32.29]","[32.26, 32.26, 32.26, 32.26, 32.26, 32.26, 32.26, 32.26, 32.25, 32.25]",32.288,32.28,32.257999999999996,32.26,35117.69000000
16:35:0,1622280902.6229131,"[32.28, 32.29, 32.29, 32.29, 32.29, 32.29, 32.29, 32.29, 32.29, 32.29]","[32.27, 32.26, 32.26, 32.26, 32.26, 32.26, 32.25, 32.25, 32.25, 32.25]",32.289,32.28,32.257,32.27,34944.34000000
16:40:0,1622281201.2643075,"[32.28, 32.28, 32.28, 32.28, 32.28, 32.29, 32.29, 32.29, 32.29, 32.29]","[32.26, 32.26, 32.26, 32.26, 32.26, 32.25, 32.25, 32.25, 32.25, 32.25]",32.285,32.28,32.254999999999995,32.26,35303.59000000
16:45:0,1622281501.3127155,"[32.28, 32.28, 32.28, 32.28, 32.28, 32.28, 32.28, 32.29, 32.29, 32.29]","[32.26, 32.26, 32.26, 32.26, 32.26, 32.26, 32.25, 32.25, 32.25, 32.25]",32.283,32.28,32.256,32.26,35260.68000000
16:50:0,1622281801.2702022,"[32.27, 32.28, 32.28, 32.28, 32.28, 32.28, 32.28, 32.29, 32.29, 32.29]","[32.26, 32.26, 32.25, 32.25, 32.25, 32.25, 32.25, 32.25, 32.25, 32.25]",32.282000000000004,32.27,32.252,32.26,35471.66000000
16:55:0,1622282101.44304,"[32.27, 32.27, 32.27, 32.27, 32.27, 32.27, 32.28, 32.28, 32.28, 32.28]","[32.26, 32.26, 32.26, 32.26, 32.25, 32.25, 32.25, 32.25, 32.25, 32.25]",32.274,32.27,32.254,32.26,35427.96000000
17:0:0,1622282401.208837,"[32.26, 32.26, 32.27, 32.27, 32.27, 32.27, 32.27, 32.27, 32.27, 32.27]","[32.27, 32.27, 32.26, 32.26, 32.26, 32.25, 32.25, 32.25, 32.25, 32.25]",32.268,32.26,32.257,32.27,35377.30000000
17:5:0,1622282702.5096848,"[32.27, 32.27, 32.27, 32.27, 32.27, 32.27, 32.27, 32.27, 32.27, 32.28]","[32.27, 32.26, 32.26, 32.26, 32.25, 32.25, 32.25, 32.25, 32.25, 32.25]",32.271,32.27,32.255,32.27,35385.74000000
17:10:0,1622283002.8548255,"[32.26, 32.26, 32.27, 32.27, 32.27, 32.27, 32.27, 32.27, 32.27, 32.27]","[32.26, 32.25, 32.25, 32.25, 32.25, 32.25, 32.25, 32.25, 32.25, 32.25]",32.268,32.26,32.251,32.26,35241.70000000
17:15:0,1622283301.2771525,"[32.27, 32.27, 32.27, 32.28, 32.28, 32.28, 32.28, 32.28, 32.28, 32.29]","[32.25, 32.25, 32.25, 32.25, 32.25, 32.25, 32.24, 32.24, 32.24, 32.24]",32.278,32.27,32.246,32.25,35216.22000000
17:20:0,1622283601.2501714,"[32.27, 32.28, 32.28, 32.28, 32.28, 32.28, 32.28, 32.28, 32.29, 32.29]","[32.26, 32.25, 32.25, 32.25, 32.25, 32.25, 32.25, 32.25, 32.25, 32.25]",32.281,32.27,32.251,32.26,35097.43000000
17:25:0,1622283903.0491474,"[32.28, 32.28, 32.28, 32.28, 32.28, 32.28, 32.29, 32.29, 32.29, 32.29]","[32.26, 32.26, 32.25, 32.25, 32.25, 32.25, 32.25, 32.25, 32.25, 32.25]",32.284,32.28,32.252,32.26,35193.99000000
17:30:0,1622284202.099294,"[32.28, 32.28, 32.28, 32.28, 32.28, 32.28, 32.28, 32.28, 32.29, 32.29]","[32.27, 32.26, 32.26, 32.26, 32.26, 32.26, 32.26, 32.26, 32.26, 32.25]",32.282000000000004,32.28,32.26,32.27,35226.57000000
17:35:0,1622284503.0002701,"[32.28, 32.28, 32.29, 32.29, 32.29, 32.29, 32.29, 32.29, 32.29, 32.29]","[32.27, 32.27, 32.26, 32.26, 32.26, 32.26, 32.26, 32.26, 32.26, 32.26]",32.288,32.28,32.262,32.27,35232.71000000
17:40:0,1622284801.9792776,"[32.29, 32.29, 32.29, 32.29, 32.29, 32.29, 32.29, 32.29, 32.29, 32.29]","[32.27, 32.27, 32.27, 32.27, 32.26, 32.26, 32.26, 32.26, 32.26, 32.26]",32.29,32.29,32.264,32.27,35336.37000000
17:45:0,1622285101.2216375,"[32.28, 32.28, 32.29, 32.29, 32.29, 32.29, 32.29, 32.29, 32.29, 32.29]","[32.28, 32.27, 32.27, 32.27, 32.26, 32.26, 32.26, 32.26, 32.26, 32.26]",32.288,32.28,32.265,32.28,35179.41000000
17:50:0,1622285401.2070165,"[32.28, 32.29, 32.29, 32.29, 32.29, 32.29, 32.29, 32.29, 32.29, 32.29]","[32.27, 32.27, 32.27, 32.27, 32.27, 32.26, 32.26, 32.26, 32.26, 32.26]",32.289,32.28,32.265,32.27,35250.01000000
17:55:0,1622285701.474707,"[32.29, 32.29, 32.29, 32.29, 32.29, 32.29, 32.29, 32.29, 32.29, 32.29]","[32.28, 32.27, 32.27, 32.27, 32.26, 32.26, 32.26, 32.26, 32.26, 32.26]",32.29,32.29,32.265,32.28,35317.69000000
18:0:0,1622286002.7188747,"[32.28, 32.28, 32.28, 32.29, 32.29, 32.29, 32.29, 32.29, 32.29, 32.29]","[32.27, 32.27, 32.27, 32.27, 32.27, 32.26, 32.26, 32.26, 32.26, 32.26]",32.287,32.28,32.265,32.27,35249.68000000
18:5:0,1622286302.4054692,"[32.28, 32.28, 32.28, 32.28, 32.28, 32.28, 32.28, 32.29, 32.29, 32.29]","[32.26, 32.26, 32.26, 32.26, 32.26, 32.26, 32.26, 32.26, 32.26, 32.26]",32.283,32.28,32.26,32.26,35105.00000000
18:10:0,1622286601.3581383,"[32.25, 32.28, 32.28, 32.28, 32.28, 32.28, 32.28, 32.28, 32.29, 32.29]","[32.26, 32.26, 32.26, 32.26, 32.26, 32.26, 32.26, 32.26, 32.25, 32.25]",32.279,32.25,32.257999999999996,32.26,35237.16000000
18:20:0,1622287202.5070717,"[32.28, 32.28, 32.28, 32.28, 32.29, 32.29, 32.29, 32.29, 32.29, 32.29]","[32.27, 32.26, 32.26, 32.26, 32.26, 32.26, 32.25, 32.25, 32.25, 32.25]",32.286,32.28,32.257,32.27,34780.13000000
18:25:0,1622287502.9291868,"[32.29, 32.29, 32.29, 32.29, 32.29, 32.29, 32.29, 32.29, 32.29, 32.29]","[32.28, 32.28, 32.26, 32.26, 32.26, 32.26, 32.26, 32.26, 32.25, 32.25]",32.29,32.29,32.262,32.28,34950.46000000
18:30:0,1622287802.7930217,"[32.28, 32.28, 32.29, 32.29, 32.29, 32.29, 32.29, 32.29, 32.29, 32.29]","[32.28, 32.27, 32.27, 32.27, 32.26, 32.26, 32.26, 32.26, 32.26, 32.26]",32.288,32.28,32.265,32.28,35351.52000000
18:35:0,1622288101.9787307,"[32.28, 32.28, 32.28, 32.29, 32.29, 32.29, 32.29, 32.29, 32.29, 32.29]","[32.27, 32.27, 32.27, 32.27, 32.27, 32.26, 32.26, 32.26, 32.26, 32.26]",32.287,32.28,32.265,32.27,35587.49000000
18:40:0,1622288402.1690538,"[32.28, 32.28, 32.28, 32.28, 32.29, 32.29, 32.29, 32.29, 32.29, 32.29]","[32.27, 32.27, 32.27, 32.26, 32.26, 32.26, 32.26, 32.26, 32.26, 32.26]",32.286,32.28,32.263,32.27,35436.70000000
18:45:0,1622288702.0910378,"[32.28, 32.29, 32.29, 32.29, 32.29, 32.29, 32.29, 32.29, 32.29, 32.29]","[32.27, 32.27, 32.26, 32.26, 32.26, 32.26, 32.26, 32.26, 32.26, 32.26]",32.289,32.28,32.262,32.27,35536.12000000
18:50:0,1622289001.8907523,"[32.28, 32.28, 32.28, 32.29, 32.29, 32.29, 32.29, 32.29, 32.29, 32.29]","[32.27, 32.26, 32.26, 32.26, 32.26, 32.26, 32.26, 32.26, 32.26, 32.26]",32.287,32.28,32.260999999999996,32.27,35542.56000000
18:55:0,1622289302.054249,"[32.27, 32.27, 32.28, 32.28, 32.28, 32.28, 32.28, 32.28, 32.28, 32.29]","[32.27, 32.27, 32.26, 32.26, 32.26, 32.26, 32.26, 32.26, 32.26, 32.26]",32.279,32.27,32.262,32.27,35500.01000000
19:0:0,1622289602.72046,"[32.27, 32.27, 32.27, 32.28, 32.28, 32.28, 32.28, 32.28, 32.28, 32.28]","[32.27, 32.27, 32.26, 32.26, 32.26, 32.26, 32.26, 32.26, 32.26, 32.26]",32.277,32.27,32.262,32.27,35397.40000000
19:5:0,1622289903.1027627,"[32.28, 32.28, 32.28, 32.28, 32.28, 32.28, 32.28, 32.28, 32.28, 32.28]","[32.26, 32.26, 32.26, 32.26, 32.26, 32.26, 32.26, 32.26, 32.26, 32.26]",32.28,32.28,32.26,32.26,34936.86000000
19:10:0,1622290203.124497,"[32.28, 32.28, 32.28, 32.28, 32.28, 32.28, 32.28, 32.28, 32.28, 32.28]","[32.27, 32.27, 32.27, 32.26, 32.26, 32.26, 32.26, 32.26, 32.26, 32.26]",32.28,32.28,32.263,32.27,35058.43000000
19:15:0,1622290502.4616318,"[32.28, 32.28, 32.28, 32.28, 32.29, 32.29, 32.29, 32.29, 32.29, 32.29]","[32.27, 32.27, 32.27, 32.26, 32.26, 32.26, 32.26, 32.26, 32.25, 32.25]",32.286,32.28,32.261,32.27,35083.01000000
19:20:0,1622290801.7482285,"[32.28, 32.28, 32.28, 32.28, 32.29, 32.29, 32.29, 32.29, 32.29, 32.29]","[32.28, 32.27, 32.27, 32.26, 32.26, 32.26, 32.26, 32.26, 32.26, 32.26]",32.286,32.28,32.263999999999996,32.28,34842.23000000
19:25:0,1622291102.4362786,"[32.29, 32.29, 32.29, 32.29, 32.29, 32.29, 32.29, 32.29, 32.29, 32.29]","[32.28, 32.27, 32.27, 32.27, 32.26, 32.26, 32.26, 32.26, 32.26, 32.26]",32.29,32.29,32.265,32.28,34943.16000000
19:30:0,1622291401.9710937,"[32.29, 32.29, 32.29, 32.29, 32.29, 32.29, 32.29, 32.29, 32.29, 32.29]","[32.27, 32.27, 32.27, 32.27, 32.26, 32.26, 32.26, 32.26, 32.26, 32.26]",32.29,32.29,32.264,32.27,34924.08000000
19:35:0,1622291702.4994771,"[32.29, 32.29, 32.29, 32.29, 32.29, 32.29, 32.29, 32.29, 32.29, 32.3]","[32.27, 32.27, 32.27, 32.27, 32.27, 32.27, 32.26, 32.26, 32.26, 32.26]",32.291,32.29,32.266,32.27,35026.37000000
19:40:0,1622292002.0570552,"[32.29, 32.29, 32.29, 32.29, 32.29, 32.29, 32.3, 32.3, 32.3, 32.3]","[32.28, 32.27, 32.27, 32.27, 32.27, 32.27, 32.27, 32.27, 32.26, 32.26]",32.294,32.29,32.269000000000005,32.28,34927.52000000
19:45:0,1622292302.4500952,"[32.29, 32.29, 32.29, 32.29, 32.29, 32.29, 32.3, 32.3, 32.3, 32.3]","[32.28, 32.28, 32.28, 32.27, 32.27, 32.27, 32.27, 32.27, 32.27, 32.27]",32.294,32.29,32.273,32.28,34842.96000000
19:50:0,1622292602.7984474,"[32.29, 32.29, 32.29, 32.29, 32.29, 32.29, 32.29, 32.29, 32.3, 32.3]","[32.28, 32.28, 32.28, 32.27, 32.27, 32.27, 32.27, 32.27, 32.27, 32.27]",32.292,32.29,32.273,32.28,34864.28000000
19:55:0,1622292902.4803886,"[32.28, 32.28, 32.28, 32.28, 32.28, 32.28, 32.29, 32.29, 32.29, 32.29]","[32.27, 32.27, 32.27, 32.27, 32.27, 32.27, 32.27, 32.27, 32.26, 32.26]",32.284,32.28,32.268,32.27,34707.53000000
20:0:0,1622293202.1383018,"[32.28, 32.28, 32.28, 32.28, 32.28, 32.28, 32.29, 32.29, 32.29, 32.3]","[32.27, 32.27, 32.27, 32.27, 32.27, 32.27, 32.27, 32.27, 32.26, 32.26]",32.285,32.28,32.268,32.27,34770.34000000
20:5:0,1622293502.4485016,"[32.28, 32.28, 32.28, 32.29, 32.29, 32.29, 32.29, 32.29, 32.3, 32.3]","[32.27, 32.27, 32.27, 32.27, 32.27, 32.27, 32.27, 32.27, 32.26, 32.26]",32.289,32.28,32.268,32.27,34880.64000000
20:10:0,1622293802.4642777,"[32.29, 32.29, 32.3, 32.3, 32.3, 32.3, 32.3, 32.3, 32.3, 32.3]","[32.29, 32.28, 32.27, 32.27, 32.27, 32.27, 32.27, 32.27, 32.27, 32.27]",32.297999999999995,32.29,32.273,32.29,34679.62000000
20:15:0,1622294102.4473963,"[32.31, 32.31, 32.31, 32.31, 32.32, 32.32, 32.32, 32.32, 32.32, 32.32]","[32.28, 32.28, 32.28, 32.28, 32.28, 32.28, 32.28, 32.28, 32.27, 32.27]",32.316,32.31,32.278,32.28,34473.22000000
20:20:0,1622294402.5673268,"[32.3, 32.31, 32.33, 32.33, 32.33, 32.33, 32.34, 32.34, 32.34, 32.35]","[32.3, 32.29, 32.29, 32.29, 32.29, 32.28, 32.28, 32.28, 32.28, 32.28]",32.33,32.3,32.286,32.3,34595.09000000
20:25:0,1622294702.2906916,"[32.28, 32.33, 32.33, 32.34, 32.34, 32.34, 32.34, 32.34, 32.35, 32.35]","[32.29, 32.29, 32.29, 32.29, 32.29, 32.29, 32.28, 32.28, 32.28, 32.28]",32.334,32.28,32.286,32.29,34595.88000000
20:30:0,1622295002.3333373,"[32.32, 32.33, 32.33, 32.33, 32.34, 32.34, 32.34, 32.35, 32.35, 32.35]","[32.3, 32.3, 32.3, 32.3, 32.3, 32.29, 32.29, 32.29, 32.29, 32.29]",32.338,32.32,32.295,32.3,34288.37000000
20:35:0,1622295301.7690997,"[32.32, 32.33, 32.33, 32.33, 32.33, 32.34, 32.34, 32.34, 32.35, 32.35]","[32.3, 32.3, 32.3, 32.3, 32.3, 32.3, 32.3, 32.29, 32.29, 32.29]",32.336,32.32,32.297,32.3,34256.00000000
20:40:0,1622295602.2341359,"[32.33, 32.33, 32.33, 32.33, 32.33, 32.33, 32.33, 32.34, 32.34, 32.34]","[32.32, 32.31, 32.31, 32.31, 32.31, 32.3, 32.3, 32.3, 32.3, 32.3]",32.333,32.33,32.306,32.32,34365.78000000
20:45:0,1622295902.316284,"[32.33, 32.34, 32.34, 32.34, 32.34, 32.34, 32.34, 32.34, 32.34, 32.34]","[32.31, 32.31, 32.31, 32.3, 32.3, 32.3, 32.3, 32.3, 32.3, 32.3]",32.339000000000006,32.33,32.303,32.31,34411.11000000
20:50:0,1622296202.2449355,"[32.32, 32.32, 32.32, 32.32, 32.33, 32.33, 32.33, 32.33, 32.33, 32.33]","[32.3, 32.3, 32.3, 32.3, 32.3, 32.3, 32.3, 32.3, 32.3, 32.3]",32.326,32.32,32.3,32.3,34599.58000000
20:55:0,1622296505.5278492,"[32.32, 32.32, 32.32, 32.33, 32.33, 32.33, 32.33, 32.33, 32.33, 32.33]","[32.31, 32.31, 32.3, 32.3, 32.3, 32.3, 32.3, 32.3, 32.3, 32.3]",32.327,32.32,32.302,32.31,34568.17000000
21:5:0,1622297101.1678703,"[32.31, 32.31, 32.31, 32.31, 32.31, 32.32, 32.32, 32.32, 32.32, 32.32]","[32.3, 32.3, 32.3, 32.3, 32.3, 32.3, 32.3, 32.3, 32.3, 32.3]",32.315,32.31,32.3,32.3,35269.74000000
21:10:0,1622297401.236882,"[32.3, 32.3, 32.3, 32.3, 32.31, 32.31, 32.31, 32.31, 32.31, 32.31]","[32.31, 32.3, 32.3, 32.3, 32.3, 32.3, 32.3, 32.3, 32.29, 32.29]",32.306,32.3,32.299,32.31,35120.06000000
21:15:0,1622297701.3362997,"[32.3, 32.3, 32.3, 32.3, 32.31, 32.31, 32.31, 32.31, 32.32, 32.32]","[32.3, 32.3, 32.3, 32.3, 32.3, 32.29, 32.29, 32.29, 32.29, 32.29]",32.308,32.3,32.295,32.3,35050.01000000
21:20:0,1622298001.3877094,"[32.3, 32.3, 32.3, 32.3, 32.31, 32.31, 32.31, 32.31, 32.31, 32.32]","[32.3, 32.3, 32.29, 32.29, 32.29, 32.29, 32.29, 32.29, 32.29, 32.29]",32.307,32.3,32.292,32.3,34795.10000000
21:25:0,1622298301.4153552,"[32.3, 32.3, 32.31, 32.31, 32.31, 32.32, 32.32, 32.32, 32.32, 32.32]","[32.3, 32.3, 32.3, 32.29, 32.29, 32.29, 32.28, 32.28, 32.28, 32.28]",32.313,32.3,32.289,32.3,34676.01000000
21:30:0,1622298601.4448798,"[32.3, 32.3, 32.3, 32.31, 32.31, 32.31, 32.32, 32.32, 32.32, 32.32]","[32.3, 32.29, 32.28, 32.28, 32.28, 32.28, 32.28, 32.28, 32.28, 32.28]",32.311,32.3,32.283,32.3,34779.07000000
21:35:0,1622298901.2419202,"[32.29, 32.3, 32.3, 32.3, 32.3, 32.3, 32.31, 32.31, 32.31, 32.31]","[32.3, 32.29, 32.28, 32.28, 32.28, 32.27, 32.27, 32.27, 32.27, 32.27]",32.303,32.29,32.278,32.3,34677.87000000
21:40:0,1622299201.328979,"[32.3, 32.3, 32.3, 32.3, 32.31, 32.31, 32.31, 32.31, 32.31, 32.31]","[32.29, 32.29, 32.28, 32.28, 32.28, 32.28, 32.27, 32.27, 32.27, 32.27]",32.306,32.3,32.278,32.29,34524.78000000
21:45:0,1622299501.2740831,"[32.3, 32.3, 32.3, 32.31, 32.31, 32.31, 32.31, 32.31, 32.31, 32.31]","[32.3, 32.29, 32.29, 32.29, 32.28, 32.28, 32.28, 32.28, 32.27, 32.27]",32.307,32.3,32.283,32.3,34506.03000000
21:50:0,1622299801.3374574,"[32.3, 32.3, 32.31, 32.31, 32.31, 32.31, 32.31, 32.31, 32.32, 32.32]","[32.3, 32.29, 32.29, 32.28, 32.28, 32.28, 32.28, 32.28, 32.28, 32.28]",32.31,32.3,32.284,32.3,34579.87000000
21:55:0,1622300101.201411,"[32.3, 32.3, 32.3, 32.31, 32.31, 32.31, 32.31, 32.32, 32.32, 32.32]","[32.29, 32.28, 32.28, 32.28, 32.28, 32.28, 32.27, 32.27, 32.27, 32.27]",32.31,32.3,32.277,32.29,34508.61000000
22:0:0,1622300401.4039068,"[32.29, 32.3, 32.3, 32.3, 32.3, 32.3, 32.3, 32.3, 32.3, 32.31]","[32.29, 32.28, 32.27, 32.27, 32.27, 32.27, 32.27, 32.27, 32.27, 32.27]",32.3,32.29,32.273,32.29,34620.12000000
22:5:0,1622300701.4155688,"[32.28, 32.29, 32.29, 32.3, 32.3, 32.3, 32.31, 32.31, 32.31, 32.31]","[32.28, 32.28, 32.27, 32.27, 32.27, 32.27, 32.27, 32.27, 32.27, 32.27]",32.3,32.28,32.272000000000006,32.28,34504.95000000
22:10:0,1622301001.4021015,"[32.29, 32.29, 32.3, 32.3, 32.3, 32.31, 32.31, 32.31, 32.31, 32.31]","[32.29, 32.28, 32.28, 32.28, 32.27, 32.27, 32.27, 32.27, 32.27, 32.27]",32.303,32.29,32.275000000000006,32.29,34450.00000000
22:15:0,1622301301.627617,"[32.3, 32.3, 32.31, 32.31, 32.31, 32.31, 32.31, 32.31, 32.31, 32.32]","[32.29, 32.29, 32.29, 32.29, 32.29, 32.28, 32.28, 32.28, 32.28, 32.28]",32.309,32.3,32.285,32.29,34097.70000000
22:20:0,1622301601.2075348,"[32.3, 32.31, 32.31, 32.31, 32.31, 32.32, 32.32, 32.32, 32.32, 32.32]","[32.3, 32.3, 32.3, 32.3, 32.29, 32.29, 32.29, 32.29, 32.29, 32.29]",32.314,32.3,32.294,32.3,34108.62000000
22:25:0,1622301901.34168,"[32.32, 32.32, 32.32, 32.33, 32.33, 32.33, 32.33, 32.33, 32.33, 32.33]","[32.31, 32.31, 32.3, 32.3, 32.3, 32.3, 32.3, 32.3, 32.29, 32.29]",32.327,32.32,32.3,32.31,34195.60000000
22:30:0,1622302201.5579674,"[32.32, 32.33, 32.33, 32.33, 32.33, 32.33, 32.33, 32.34, 32.34, 32.34]","[32.31, 32.31, 32.31, 32.31, 32.31, 32.31, 32.3, 32.3, 32.3, 32.3]",32.332,32.32,32.306,32.31,34487.34000000
22:35:0,1622302501.3532293,"[32.32, 32.33, 32.33, 32.33, 32.34, 32.34, 32.35, 32.35, 32.35, 32.35]","[32.32, 32.31, 32.31, 32.31, 32.31, 32.31, 32.31, 32.31, 32.31, 32.31]",32.339,32.32,32.311,32.32,34163.30000000
22:40:0,1622302801.248616,"[32.34, 32.34, 32.35, 32.35, 32.35, 32.35, 32.36, 32.36, 32.37, 32.37]","[32.34, 32.33, 32.33, 32.32, 32.32, 32.32, 32.32, 32.32, 32.32, 32.32]",32.354,32.34,32.324,32.34,34345.73000000
22:45:0,1622303101.3533082,"[32.35, 32.35, 32.36, 32.36, 32.36, 32.36, 32.36, 32.37, 32.37, 32.37]","[32.33, 32.33, 32.33, 32.33, 32.33, 32.32, 32.32, 32.32, 32.32, 32.32]",32.361,32.35,32.325,32.33,34330.65000000
22:50:0,1622303401.306964,"[32.36, 32.36, 32.36, 32.36, 32.36, 32.36, 32.36, 32.36, 32.36, 32.37]","[32.34, 32.34, 32.33, 32.33, 32.33, 32.32, 32.32, 32.32, 32.32, 32.32]",32.361,32.36,32.327,32.34,34337.39000000
22:55:0,1622303701.6213474,"[32.35, 32.36, 32.37, 32.37, 32.37, 32.37, 32.37, 32.37, 32.37, 32.37]","[32.35, 32.34, 32.34, 32.33, 32.33, 32.33, 32.33, 32.33, 32.33, 32.33]",32.367,32.35,32.334,32.35,34189.51000000
23:0:0,1622304001.2662406,"[32.36, 32.37, 32.37, 32.37, 32.37, 32.37, 32.38, 32.38, 32.38, 32.38]","[32.35, 32.35, 32.35, 32.35, 32.34, 32.34, 32.34, 32.33, 32.33, 32.33]",32.373,32.36,32.341,32.35,34417.49000000
23:5:0,1622304301.3270407,"[32.36, 32.37, 32.37, 32.37, 32.37, 32.38, 32.38, 32.38, 32.38, 32.38]","[32.36, 32.35, 32.35, 32.35, 32.34, 32.34, 32.34, 32.34, 32.34, 32.34]",32.374,32.36,32.345,32.36,34546.12000000
23:10:0,1622304601.6359413,"[32.35, 32.36, 32.36, 32.36, 32.37, 32.37, 32.38, 32.38, 32.38, 32.38]","[32.36, 32.36, 32.36, 32.35, 32.35, 32.35, 32.35, 32.35, 32.35, 32.35]",32.369,32.35,32.353,32.36,34227.92000000
23:15:0,1622304901.3584719,"[32.38, 32.38, 32.38, 32.38, 32.38, 32.38, 32.38, 32.38, 32.39, 32.39]","[32.36, 32.35, 32.35, 32.35, 32.35, 32.35, 32.35, 32.35, 32.35, 32.35]",32.382000000000005,32.38,32.351,32.36,34144.76000000
23:20:0,1622305201.5065746,"[32.38, 32.38, 32.38, 32.38, 32.38, 32.38, 32.38, 32.39, 32.39, 32.39]","[32.36, 32.35, 32.35, 32.35, 32.35, 32.35, 32.35, 32.35, 32.35, 32.34]",32.383,32.38,32.35,32.36,34338.51000000
23:25:0,1622305501.2792003,"[32.38, 32.38, 32.38, 32.38, 32.38, 32.39, 32.39, 32.39, 32.39, 32.39]","[32.36, 32.36, 32.35, 32.35, 32.35, 32.35, 32.35, 32.35, 32.35, 32.34]",32.385000000000005,32.38,32.351,32.36,34305.68000000
23:30:0,1622305801.2419996,"[32.37, 32.38, 32.38, 32.38, 32.38, 32.38, 32.38, 32.38, 32.38, 32.38]","[32.36, 32.35, 32.35, 32.34, 32.34, 32.34, 32.34, 32.34, 32.34, 32.33]",32.379000000000005,32.37,32.343,32.36,34277.48000000
23:35:0,1622306101.2664945,"[32.37, 32.37, 32.37, 32.37, 32.37, 32.37, 32.38, 32.38, 32.38, 32.38]","[32.36, 32.35, 32.35, 32.34, 32.34, 32.34, 32.34, 32.33, 32.33, 32.33]",32.374,32.37,32.341,32.36,34436.92000000
23:45:0,1622306702.7872913,"[32.33, 32.34, 32.34, 32.34, 32.34, 32.34, 32.35, 32.35, 32.35, 32.35]","[32.36, 32.32, 32.31, 32.31, 32.31, 32.31, 32.31, 32.3, 32.3, 32.3]",32.343,32.33,32.313,32.36,34591.70000000
23:50:0,1622307002.6329176,"[32.31, 32.31, 32.31, 32.32, 32.32, 32.32, 32.33, 32.33, 32.33, 32.34]","[32.27, 32.26, 32.26, 32.25, 32.25, 32.25, 32.23, 32.22, 32.21, 32.21]",32.322,32.31,32.241,32.27,34524.33000000
23:55:0,1622307302.6437755,"[32.29, 32.3, 32.3, 32.3, 32.31, 32.31, 32.32, 32.32, 32.33, 32.33]","[32.25, 32.25, 32.25, 32.25, 32.24, 32.24, 32.24, 32.24, 32.23, 32.22]",32.311,32.29,32.241,32.25,34900.00000000
